Brand,Product,Image,Rating,Total Reviewer,Link Review
The Ordinary,Niacinamide 10% + Zinc 1%,https://reviews.femaledaily.com/service_review/_next/image?url=https%3A%2F%2Fimage.femaledaily.com%2Fdyn%2F210%2Fimages%2Fprod-pics%2Fproduct_1628568334_product_15_800x800.png&w=3840&q=80,3.9/5,5378,https://reviews.femaledaily.com/products/treatment/serum-essence/the-ordinary/the-ordinary-niacinamide-10-zinc-1
Somethinc,Niacinamide + Moisture Beet Serum,https://reviews.femaledaily.com/service_review/_next/image?url=https%3A%2F%2Fimage.femaledaily.com%2Fdyn%2F210%2Fimages%2Fprod-pics%2Fproduct_1581047610_Niacidinam_800x800.jpg&w=3840&q=80,3.9/5,4305,https://reviews.femaledaily.com/products/treatment/serum-essence/somethinc/niacinamide-moisture-beet-serum-19
Cosrx,Advanced Snail 96 Mucin Power Essence,https://reviews.femaledaily.com/service_review/_next/image?url=https%3A%2F%2Fimage.femaledaily.com%2Fdyn%2F210%2Fimages%2Fprod-pics%2F1457096707-Cosrx-ADVANCED_SNAIL_96_MUCIN_POWER_ESSENCE.jpg&w=3840&q=80,4.3/5,3537,https://reviews.femaledaily.com/products/treatment/serum-essence/cosrx/x-advanced-snail-96-mucin-power-essence
Skin1004,Madagascar Centella Asiatica Ampoule,https://reviews.femaledaily.com/service_review/_next/image?url=https%3A%2F%2Fimage.femaledaily.com%2Fdyn%2F210%2Fimages%2Fprod-pics%2Fproduct_1603788246_d143ad068e_800x800.jpg&w=3840&q=80,4/5,3422,https://reviews.femaledaily.com/products/treatment/serum-essence/skin1004/madagascar-centella-asiatica-100-ampoule
Whitelab,N10-Dose+ Brightening Serum,https://reviews.femaledaily.com/service_review/_next/image?url=https%3A%2F%2Fimage.femaledaily.com%2Fdyn%2F210%2Fimages%2Fprod-pics%2Fproduct_1679551936_PDP_TEMPLA_800x800.jpg&w=3840&q=80,4/5,3416,https://reviews.femaledaily.com/products/treatment/serum-essence/whitelab/brightening-face-serum-32
Azarine Cosmetic,C White Lightening Serum,https://reviews.femaledaily.com/service_review/_next/image?url=https%3A%2F%2Fimage.femaledaily.com%2Fdyn%2F210%2Fimages%2Fprod-pics%2Fproduct_1583726418_lightening_800x800.png&w=3840&q=80,4.1/5,3278,https://reviews.femaledaily.com/products/treatment/serum-essence/azarine-cosmetic/c-white-lightening-serum
Innisfree,Green Tea Seed Serum,https://reviews.femaledaily.com/service_review/_next/image?url=https%3A%2F%2Fimage.femaledaily.com%2Fdyn%2F210%2Fimages%2Fprod-pics%2Fproduct_1652238447_Innisfree__800x800.jpg&w=3840&q=80,4.1/5,3127,https://reviews.femaledaily.com/products/treatment/serum-essence/innisfree/green-tea-seed-serum-1
SK-II,Facial Treatment Essence,https://reviews.femaledaily.com/service_review/_next/image?url=https%3A%2F%2Fimage.femaledaily.com%2Fdyn%2F210%2Fimages%2Fprod-pics%2Fproduct_1679644143_ESSENCE_D_800x800.jpg&w=3840&q=80,4.1/5,3099,https://reviews.femaledaily.com/products/treatment/serum-essence/sk-ii/facial-treatment-essence
Some by Mi,Snail Truecica Miracle Repair Serum,https://reviews.femaledaily.com/service_review/_next/image?url=https%3A%2F%2Fimage.femaledaily.com%2Fdyn%2F210%2Fimages%2Fprod-pics%2Fproduct_1615355543_Snail_True_800x800.jpg&w=3840&q=80,3.6/5,2706,https://reviews.femaledaily.com/products/treatment/serum-essence/some-by-mi/snail-truecica
NACIFIC,Fresh Herb Origin Serum,https://reviews.femaledaily.com/service_review/_next/image?url=https%3A%2F%2Fimage.femaledaily.com%2Fdyn%2F210%2Fimages%2Fprod-pics%2Fproduct_1612511979_Fresh_Herb_800x800.jpg&w=3840&q=80,3.4/5,2640,https://reviews.femaledaily.com/products/treatment/serum-essence/nacific/fresh-herb-origin-serum-91
AVOSKIN,Perfect Hydrating Treatment Essence,https://reviews.femaledaily.com/service_review/_next/image?url=https%3A%2F%2Fimage.femaledaily.com%2Fdyn%2F210%2Fimages%2Fprod-pics%2Fproduct_1644821774_avoskin_pe_800x800.jpg&w=3840&q=80,4.1/5,2485,https://reviews.femaledaily.com/products/treatment/serum-essence/avoskin/perfect-hydrating-treatment-essence
Somethinc,Niacinamide + Moisture Sabi Beet Brightening Serum,https://reviews.femaledaily.com/service_review/_next/image?url=https%3A%2F%2Fimage.femaledaily.com%2Fdyn%2F210%2Fimages%2Fprod-pics%2Fproduct_1674530137_Somethinc__800x800.png&w=3840&q=80,3.9/5,2224,https://reviews.femaledaily.com/products/treatment/serum-essence/somethinc/5-niacinamide-moisture-sabi-beet-serum
Benton,Snail Bee High Content Essence,https://reviews.femaledaily.com/service_review/_next/image?url=https%3A%2F%2Fimage.femaledaily.com%2Fdyn%2F210%2Fimages%2Fprod-pics%2Fproduct_1520594115_FD_Best_of_800x800.jpg&w=3840&q=80,4/5,2152,https://reviews.femaledaily.com/products/treatment/serum-essence/benton/snail-bee-high-content-essence
Laneige,Clear C Advanced Effector EX,https://reviews.femaledaily.com/service_review/_next/image?url=https%3A%2F%2Fimage.femaledaily.com%2Fdyn%2F210%2Fimages%2Fprod-pics%2Fproduct_1545205078_Laneige_Cl_800x800.jpg&w=3840&q=80,4.3/5,2063,https://reviews.femaledaily.com/products/treatment/serum-essence/laneige/clear-c-advance-effector
ElsheSkin,Radiant Skin Serum,https://reviews.femaledaily.com/service_review/_next/image?url=https%3A%2F%2Fimage.femaledaily.com%2Fdyn%2F210%2Fimages%2Fprod-pics%2Fproduct_1640589470_6175bf619b_800x800.jpg&w=3840&q=80,3.9/5,2023,https://reviews.femaledaily.com/products/treatment/serum-essence/elsheskin/radiant-skin-serum
Scarlett,Whitening Acne Serum,https://reviews.femaledaily.com/service_review/_next/image?url=https%3A%2F%2Fimage.femaledaily.com%2Fdyn%2F210%2Fimages%2Fprod-pics%2Fproduct_1613039137_Whitening__800x800.jpg&w=3840&q=80,3.4/5,2023,https://reviews.femaledaily.com/products/treatment/serum-essence/scarlett/whitening-acne-serum-1
L'Oreal Paris,Glycolic Bright Instant Glowing Serum,https://reviews.femaledaily.com/service_review/_next/image?url=https%3A%2F%2Fimage.femaledaily.com%2Fdyn%2F210%2Fimages%2Fprod-pics%2Fproduct_1643266291_Glyco_Seru_800x800.jpg&w=3840&q=80,4.1/5,1950,https://reviews.femaledaily.com/products/treatment/serum-essence/l-oreal-paris/glycolic-bright-instant-glowing-serum-3
Azarine Cosmetic,Acne Spot Serum,https://reviews.femaledaily.com/service_review/_next/image?url=https%3A%2F%2Fimage.femaledaily.com%2Fdyn%2F210%2Fimages%2Fprod-pics%2Fe0acc08b75ca6ade4fbafa142da3ee52.jpg&w=3840&q=80,4.2/5,1900,https://reviews.femaledaily.com/products/treatment/serum-essence/azarine-cosmetic/acne-spot-serum-fast-caring-dual-action-2
Azarine Cosmetic,Retinol Smooth Glowing Serum,https://reviews.femaledaily.com/service_review/_next/image?url=https%3A%2F%2Fimage.femaledaily.com%2Fdyn%2F210%2Fimages%2Fprod-pics%2F1376e8e2ea2e28ac3f833804b9ddf98d.jpg&w=3840&q=80,4.2/5,1860,https://reviews.femaledaily.com/products/treatment/serum-essence/azarine-cosmetic/retinol-smooth-glowing-serum-encapsulated-gentle-retinol-3
L'Oreal Paris,Revitalift Crystal Micro Essence,https://reviews.femaledaily.com/service_review/_next/image?url=https%3A%2F%2Fimage.femaledaily.com%2Fdyn%2F210%2Fimages%2Fprod-pics%2Fproduct_1646805979_L_Oreal_Pa_800x800.jpg&w=3840&q=80,4/5,1842,https://reviews.femaledaily.com/products/treatment/serum-essence/l-oreal-paris/revitalift-crystal-micro-essence
The Ordinary,Alpha Arbutin 2% + HA,https://reviews.femaledaily.com/service_review/_next/image?url=https%3A%2F%2Fimage.femaledaily.com%2Fdyn%2F210%2Fimages%2Fprod-pics%2Fproduct_1628568774_1729181026_800x800.png&w=3840&q=80,4/5,1627,https://reviews.femaledaily.com/products/treatment/serum-essence/the-ordinary/alpha-arbutin-2-ha
Somethinc,HYALuronic B5,https://reviews.femaledaily.com/service_review/_next/image?url=https%3A%2F%2Fimage.femaledaily.com%2Fdyn%2F210%2Fimages%2Fprod-pics%2Fproduct_1581047643_HYAluronic_800x800.jpg&w=3840&q=80,4.1/5,1627,https://reviews.femaledaily.com/products/treatment/serum-essence/somethinc/hyaluronic-b5
Trueve,Luminous Dark Spot Brightening Serum,https://reviews.femaledaily.com/service_review/_next/image?url=https%3A%2F%2Fimage.femaledaily.com%2Fdyn%2F300%2Fremastering-data%2Fproduction%2Fproduct%2Fproduct-1701940891830-Trueve-Luminous-Dark-Spot-Brightening-Serum&w=3840&q=80,4.1/5,1498,https://reviews.femaledaily.com/products/treatment/serum-essence/trueve/luminous-dark-spot-brightening-serum-reformulation-in-march-2022
Somethinc,Holygrail Multipeptide Youth Elixir,https://reviews.femaledaily.com/service_review/_next/image?url=https%3A%2F%2Fimage.femaledaily.com%2Fdyn%2F210%2Fimages%2Fprod-pics%2Fproduct_1620030442_Multipepti_800x800.jpg&w=3840&q=80,4.1/5,1437,https://reviews.femaledaily.com/products/treatment/serum-essence/somethinc/holygrail-multipeptide-youth-elixir
Somethinc,Salmon DNA + Marine Collagen Elixir,https://reviews.femaledaily.com/service_review/_next/image?url=https%3A%2F%2Fimage.femaledaily.com%2Fdyn%2F210%2Fimages%2Fprod-pics%2Fproduct_1620030365_Salmon_20m_800x800.jpg&w=3840&q=80,4.1/5,1419,https://reviews.femaledaily.com/products/treatment/serum-essence/somethinc/salmon-dna-marine-collagen-elixir-1
Pond's,Bright Miracle Ultimate Clarity Serum - Reformulation in October 2023,https://reviews.femaledaily.com/service_review/_next/image?url=https%3A%2F%2Fimage.femaledaily.com%2Fdyn%2F300%2Fremastering-data%2Fproduction%2Fproduct%2Fproduct-1708503267705-&w=3840&q=80,3.9/5,1376,https://reviews.femaledaily.com/products/treatment/serum-essence/pond-s/bright-miracle-ultimate-clarity-serum-reformulation-in-october-2023
NACIFIC,Phyto Niacin Whitening Essence,https://reviews.femaledaily.com/service_review/_next/image?url=https%3A%2F%2Fimage.femaledaily.com%2Fdyn%2F210%2Fimages%2Fprod-pics%2Fproduct_1612512070_Phyto_Niac_800x800.jpg&w=3840&q=80,3.7/5,1360,https://reviews.femaledaily.com/products/treatment/serum-essence/nacific/phyto-niacin-whitening-essence-2
Garnier,Bright Complete Vitamin C Serum,https://reviews.femaledaily.com/service_review/_next/image?url=https%3A%2F%2Fimage.femaledaily.com%2Fdyn%2F210%2Fimages%2Fprod-pics%2Fproduct_1675760999_FDBR_Garni_800x800.jpg&w=3840&q=80,3.7/5,1338,https://reviews.femaledaily.com/products/treatment/serum-essence/garnier/light-complete-vitamin-c-30x-booster-serum-2
L'Oreal Paris,Revitalift 1.5% Hyaluronic Acid Serum,https://reviews.femaledaily.com/service_review/_next/image?url=https%3A%2F%2Fimage.femaledaily.com%2Fdyn%2F210%2Fimages%2Fprod-pics%2Fproduct_1600331949_Picture1__800x800.jpg&w=3840&q=80,4/5,1333,https://reviews.femaledaily.com/products/treatment/serum-essence/l-oreal-paris/revitalift-15-hyaluronic-acid-serum-58
Trueve,Acne Care Treatment Serum,https://reviews.femaledaily.com/service_review/_next/image?url=https%3A%2F%2Fimage.femaledaily.com%2Fdyn%2F210%2Fimages%2Fprod-pics%2Fproduct_1679477291_PDP_TEMPLA_800x800.jpg&w=3840&q=80,4.1/5,1328,https://reviews.femaledaily.com/products/treatment/serum-essence/trueve/acne-care-treatment-serum-reformulation-in-march-2022
AVOSKIN,Miraculous Refining Serum,https://reviews.femaledaily.com/service_review/_next/image?url=https%3A%2F%2Fimage.femaledaily.com%2Fdyn%2F210%2Fimages%2Fprod-pics%2Fproduct_1679552814_PDP_TEMPLA_800x800.jpg&w=3840&q=80,4.1/5,1306,https://reviews.femaledaily.com/products/treatment/serum-essence/avoskin/miraculous-refining-serum-1
Wardah,Nature Daily Seaweed Primary Skin Hydrating Booster,https://reviews.femaledaily.com/service_review/_next/image?url=https%3A%2F%2Fimage.femaledaily.com%2Fdyn%2F210%2Fimages%2Fprod-pics%2Fproduct_1610514930_Nature_Dai_800x800.jpg&w=3840&q=80,3.9/5,1305,https://reviews.femaledaily.com/products/treatment/serum-essence/wardah/nature-daily-seaweed-primary-skin-hydrating-booster
Everwhite,Chromabright Brightening Serum,https://reviews.femaledaily.com/service_review/_next/image?url=https%3A%2F%2Fimage.femaledaily.com%2Fdyn%2F210%2Fimages%2Fprod-pics%2Fproduct_1620029092_WhatsApp_I_800x800.jpeg&w=3840&q=80,4.3/5,1285,https://reviews.femaledaily.com/products/treatment/serum-essence/everwhite/everwhite-brightening-essence-serum
Scarlett,Brightly Ever After Serum,https://reviews.femaledaily.com/service_review/_next/image?url=https%3A%2F%2Fimage.femaledaily.com%2Fdyn%2F210%2Fimages%2Fprod-pics%2Fproduct_1613039175_Brightly_E_800x800.jpg&w=3840&q=80,3.5/5,1257,https://reviews.femaledaily.com/products/treatment/serum-essence/scarlett/scarlett-whitening-brightly-ever-after-serum
AVOSKIN,Your Skin Bae Serum,https://reviews.femaledaily.com/service_review/_next/image?url=https%3A%2F%2Fimage.femaledaily.com%2Fdyn%2F210%2Fimages%2Fprod-pics%2Fproduct_1608008821_Alpha_Arbu_800x800.jpg&w=3840&q=80,3.9/5,1250,https://reviews.femaledaily.com/products/treatment/serum-essence/avoskin/your-skin-bae-serum-alpha-arbutin-3-grapeseed
Garnier,Sakura White Hyaluron 30x Booster Serum,https://reviews.femaledaily.com/service_review/_next/image?url=https%3A%2F%2Fimage.femaledaily.com%2Fdyn%2F210%2Fimages%2Fprod-pics%2Fproduct_1626928208_Botol_SS_S_800x800.jpg&w=3840&q=80,3.9/5,1243,https://reviews.femaledaily.com/products/treatment/serum-essence/garnier/sakura-white-30x-hyaluron-booster-serum
Whitelab,Acne Calming Serum,https://reviews.femaledaily.com/service_review/_next/image?url=https%3A%2F%2Fimage.femaledaily.com%2Fdyn%2F210%2Fimages%2Fprod-pics%2Fproduct_1670311767_ACNE_CALMI_800x800.jpg&w=3840&q=80,4.1/5,1238,https://reviews.femaledaily.com/products/treatment/serum-essence/whitelab/acne-calming-serum-3
AVOSKIN,Miraculous Retinol Ampoule,https://reviews.femaledaily.com/service_review/_next/image?url=https%3A%2F%2Fimage.femaledaily.com%2Fdyn%2F210%2Fimages%2Fprod-pics%2Fproduct_1584431795_retinol_am_800x800.png&w=3840&q=80,4.2/5,1237,https://reviews.femaledaily.com/products/treatment/serum-essence/avoskin/miraculous-retinol-ampoule
Somethinc,Bakuchiol Skinpair Oil Serum,https://reviews.femaledaily.com/service_review/_next/image?url=https%3A%2F%2Fimage.femaledaily.com%2Fdyn%2F210%2Fimages%2Fprod-pics%2Fproduct_1606904346_Somethinc__800x800.jpg&w=3840&q=80,3.8/5,1179,https://reviews.femaledaily.com/products/treatment/serum-essence/somethinc/bakuchiol-skinpair-oil-serum
Trueve,Ultimate Drops of Brightening Serum,https://reviews.femaledaily.com/service_review/_next/image?url=https%3A%2F%2Fimage.femaledaily.com%2Fdyn%2F300%2Fremastering-data%2Fproduction%2Fproduct%2Fproduct-1701942017959-Trueve-Ultimate-Drops-of-Brightening-Serum&w=3840&q=80,4.1/5,1159,https://reviews.femaledaily.com/products/treatment/serum-essence/trueve/ultimate-drops-of-brightening-serum-reformulation-in-march-2022
The Ordinary,Niacinamide 10% + Zinc 1%,https://reviews.femaledaily.com/service_review/_next/image?url=https%3A%2F%2Fimage.femaledaily.com%2Fdyn%2F210%2Fimages%2Fprod-pics%2Fproduct_1628568334_product_15_800x800.png&w=3840&q=80,3.9/5,5378,https://reviews.femaledaily.com/products/treatment/serum-essence/the-ordinary/the-ordinary-niacinamide-10-zinc-1
Somethinc,Niacinamide + Moisture Beet Serum,https://reviews.femaledaily.com/service_review/_next/image?url=https%3A%2F%2Fimage.femaledaily.com%2Fdyn%2F210%2Fimages%2Fprod-pics%2Fproduct_1581047610_Niacidinam_800x800.jpg&w=3840&q=80,3.9/5,4305,https://reviews.femaledaily.com/products/treatment/serum-essence/somethinc/niacinamide-moisture-beet-serum-19
Cosrx,Advanced Snail 96 Mucin Power Essence,https://reviews.femaledaily.com/service_review/_next/image?url=https%3A%2F%2Fimage.femaledaily.com%2Fdyn%2F210%2Fimages%2Fprod-pics%2F1457096707-Cosrx-ADVANCED_SNAIL_96_MUCIN_POWER_ESSENCE.jpg&w=3840&q=80,4.3/5,3537,https://reviews.femaledaily.com/products/treatment/serum-essence/cosrx/x-advanced-snail-96-mucin-power-essence
Skin1004,Madagascar Centella Asiatica Ampoule,https://reviews.femaledaily.com/service_review/_next/image?url=https%3A%2F%2Fimage.femaledaily.com%2Fdyn%2F210%2Fimages%2Fprod-pics%2Fproduct_1603788246_d143ad068e_800x800.jpg&w=3840&q=80,4/5,3422,https://reviews.femaledaily.com/products/treatment/serum-essence/skin1004/madagascar-centella-asiatica-100-ampoule
Whitelab,N10-Dose+ Brightening Serum,https://reviews.femaledaily.com/service_review/_next/image?url=https%3A%2F%2Fimage.femaledaily.com%2Fdyn%2F210%2Fimages%2Fprod-pics%2Fproduct_1679551936_PDP_TEMPLA_800x800.jpg&w=3840&q=80,4/5,3416,https://reviews.femaledaily.com/products/treatment/serum-essence/whitelab/brightening-face-serum-32
Azarine Cosmetic,C White Lightening Serum,https://reviews.femaledaily.com/service_review/_next/image?url=https%3A%2F%2Fimage.femaledaily.com%2Fdyn%2F210%2Fimages%2Fprod-pics%2Fproduct_1583726418_lightening_800x800.png&w=3840&q=80,4.1/5,3278,https://reviews.femaledaily.com/products/treatment/serum-essence/azarine-cosmetic/c-white-lightening-serum
Innisfree,Green Tea Seed Serum,https://reviews.femaledaily.com/service_review/_next/image?url=https%3A%2F%2Fimage.femaledaily.com%2Fdyn%2F210%2Fimages%2Fprod-pics%2Fproduct_1652238447_Innisfree__800x800.jpg&w=3840&q=80,4.1/5,3127,https://reviews.femaledaily.com/products/treatment/serum-essence/innisfree/green-tea-seed-serum-1
SK-II,Facial Treatment Essence,https://reviews.femaledaily.com/service_review/_next/image?url=https%3A%2F%2Fimage.femaledaily.com%2Fdyn%2F210%2Fimages%2Fprod-pics%2Fproduct_1679644143_ESSENCE_D_800x800.jpg&w=3840&q=80,4.1/5,3099,https://reviews.femaledaily.com/products/treatment/serum-essence/sk-ii/facial-treatment-essence
Some by Mi,Snail Truecica Miracle Repair Serum,https://reviews.femaledaily.com/service_review/_next/image?url=https%3A%2F%2Fimage.femaledaily.com%2Fdyn%2F210%2Fimages%2Fprod-pics%2Fproduct_1615355543_Snail_True_800x800.jpg&w=3840&q=80,3.6/5,2706,https://reviews.femaledaily.com/products/treatment/serum-essence/some-by-mi/snail-truecica
NACIFIC,Fresh Herb Origin Serum,https://reviews.femaledaily.com/service_review/_next/image?url=https%3A%2F%2Fimage.femaledaily.com%2Fdyn%2F210%2Fimages%2Fprod-pics%2Fproduct_1612511979_Fresh_Herb_800x800.jpg&w=3840&q=80,3.4/5,2640,https://reviews.femaledaily.com/products/treatment/serum-essence/nacific/fresh-herb-origin-serum-91
AVOSKIN,Perfect Hydrating Treatment Essence,https://reviews.femaledaily.com/service_review/_next/image?url=https%3A%2F%2Fimage.femaledaily.com%2Fdyn%2F210%2Fimages%2Fprod-pics%2Fproduct_1644821774_avoskin_pe_800x800.jpg&w=3840&q=80,4.1/5,2485,https://reviews.femaledaily.com/products/treatment/serum-essence/avoskin/perfect-hydrating-treatment-essence
Somethinc,Niacinamide + Moisture Sabi Beet Brightening Serum,https://reviews.femaledaily.com/service_review/_next/image?url=https%3A%2F%2Fimage.femaledaily.com%2Fdyn%2F210%2Fimages%2Fprod-pics%2Fproduct_1674530137_Somethinc__800x800.png&w=3840&q=80,3.9/5,2224,https://reviews.femaledaily.com/products/treatment/serum-essence/somethinc/5-niacinamide-moisture-sabi-beet-serum
Benton,Snail Bee High Content Essence,https://reviews.femaledaily.com/service_review/_next/image?url=https%3A%2F%2Fimage.femaledaily.com%2Fdyn%2F210%2Fimages%2Fprod-pics%2Fproduct_1520594115_FD_Best_of_800x800.jpg&w=3840&q=80,4/5,2152,https://reviews.femaledaily.com/products/treatment/serum-essence/benton/snail-bee-high-content-essence
Laneige,Clear C Advanced Effector EX,https://reviews.femaledaily.com/service_review/_next/image?url=https%3A%2F%2Fimage.femaledaily.com%2Fdyn%2F210%2Fimages%2Fprod-pics%2Fproduct_1545205078_Laneige_Cl_800x800.jpg&w=3840&q=80,4.3/5,2063,https://reviews.femaledaily.com/products/treatment/serum-essence/laneige/clear-c-advance-effector
ElsheSkin,Radiant Skin Serum,https://reviews.femaledaily.com/service_review/_next/image?url=https%3A%2F%2Fimage.femaledaily.com%2Fdyn%2F210%2Fimages%2Fprod-pics%2Fproduct_1640589470_6175bf619b_800x800.jpg&w=3840&q=80,3.9/5,2023,https://reviews.femaledaily.com/products/treatment/serum-essence/elsheskin/radiant-skin-serum
Scarlett,Whitening Acne Serum,https://reviews.femaledaily.com/service_review/_next/image?url=https%3A%2F%2Fimage.femaledaily.com%2Fdyn%2F210%2Fimages%2Fprod-pics%2Fproduct_1613039137_Whitening__800x800.jpg&w=3840&q=80,3.4/5,2023,https://reviews.femaledaily.com/products/treatment/serum-essence/scarlett/whitening-acne-serum-1
L'Oreal Paris,Glycolic Bright Instant Glowing Serum,https://reviews.femaledaily.com/service_review/_next/image?url=https%3A%2F%2Fimage.femaledaily.com%2Fdyn%2F210%2Fimages%2Fprod-pics%2Fproduct_1643266291_Glyco_Seru_800x800.jpg&w=3840&q=80,4.1/5,1950,https://reviews.femaledaily.com/products/treatment/serum-essence/l-oreal-paris/glycolic-bright-instant-glowing-serum-3
Azarine Cosmetic,Acne Spot Serum,https://reviews.femaledaily.com/service_review/_next/image?url=https%3A%2F%2Fimage.femaledaily.com%2Fdyn%2F210%2Fimages%2Fprod-pics%2Fe0acc08b75ca6ade4fbafa142da3ee52.jpg&w=3840&q=80,4.2/5,1900,https://reviews.femaledaily.com/products/treatment/serum-essence/azarine-cosmetic/acne-spot-serum-fast-caring-dual-action-2
Azarine Cosmetic,Retinol Smooth Glowing Serum,https://reviews.femaledaily.com/service_review/_next/image?url=https%3A%2F%2Fimage.femaledaily.com%2Fdyn%2F210%2Fimages%2Fprod-pics%2F1376e8e2ea2e28ac3f833804b9ddf98d.jpg&w=3840&q=80,4.2/5,1860,https://reviews.femaledaily.com/products/treatment/serum-essence/azarine-cosmetic/retinol-smooth-glowing-serum-encapsulated-gentle-retinol-3
L'Oreal Paris,Revitalift Crystal Micro Essence,https://reviews.femaledaily.com/service_review/_next/image?url=https%3A%2F%2Fimage.femaledaily.com%2Fdyn%2F210%2Fimages%2Fprod-pics%2Fproduct_1646805979_L_Oreal_Pa_800x800.jpg&w=3840&q=80,4/5,1842,https://reviews.femaledaily.com/products/treatment/serum-essence/l-oreal-paris/revitalift-crystal-micro-essence
The Ordinary,Alpha Arbutin 2% + HA,https://reviews.femaledaily.com/service_review/_next/image?url=https%3A%2F%2Fimage.femaledaily.com%2Fdyn%2F210%2Fimages%2Fprod-pics%2Fproduct_1628568774_1729181026_800x800.png&w=3840&q=80,4/5,1627,https://reviews.femaledaily.com/products/treatment/serum-essence/the-ordinary/alpha-arbutin-2-ha
Somethinc,HYALuronic B5,https://reviews.femaledaily.com/service_review/_next/image?url=https%3A%2F%2Fimage.femaledaily.com%2Fdyn%2F210%2Fimages%2Fprod-pics%2Fproduct_1581047643_HYAluronic_800x800.jpg&w=3840&q=80,4.1/5,1627,https://reviews.femaledaily.com/products/treatment/serum-essence/somethinc/hyaluronic-b5
Trueve,Luminous Dark Spot Brightening Serum,https://reviews.femaledaily.com/service_review/_next/image?url=https%3A%2F%2Fimage.femaledaily.com%2Fdyn%2F300%2Fremastering-data%2Fproduction%2Fproduct%2Fproduct-1701940891830-Trueve-Luminous-Dark-Spot-Brightening-Serum&w=3840&q=80,4.1/5,1498,https://reviews.femaledaily.com/products/treatment/serum-essence/trueve/luminous-dark-spot-brightening-serum-reformulation-in-march-2022
Somethinc,Holygrail Multipeptide Youth Elixir,https://reviews.femaledaily.com/service_review/_next/image?url=https%3A%2F%2Fimage.femaledaily.com%2Fdyn%2F210%2Fimages%2Fprod-pics%2Fproduct_1620030442_Multipepti_800x800.jpg&w=3840&q=80,4.1/5,1437,https://reviews.femaledaily.com/products/treatment/serum-essence/somethinc/holygrail-multipeptide-youth-elixir
Somethinc,Salmon DNA + Marine Collagen Elixir,https://reviews.femaledaily.com/service_review/_next/image?url=https%3A%2F%2Fimage.femaledaily.com%2Fdyn%2F210%2Fimages%2Fprod-pics%2Fproduct_1620030365_Salmon_20m_800x800.jpg&w=3840&q=80,4.1/5,1419,https://reviews.femaledaily.com/products/treatment/serum-essence/somethinc/salmon-dna-marine-collagen-elixir-1
Pond's,Bright Miracle Ultimate Clarity Serum - Reformulation in October 2023,https://reviews.femaledaily.com/service_review/_next/image?url=https%3A%2F%2Fimage.femaledaily.com%2Fdyn%2F300%2Fremastering-data%2Fproduction%2Fproduct%2Fproduct-1708503267705-&w=3840&q=80,3.9/5,1376,https://reviews.femaledaily.com/products/treatment/serum-essence/pond-s/bright-miracle-ultimate-clarity-serum-reformulation-in-october-2023
NACIFIC,Phyto Niacin Whitening Essence,https://reviews.femaledaily.com/service_review/_next/image?url=https%3A%2F%2Fimage.femaledaily.com%2Fdyn%2F210%2Fimages%2Fprod-pics%2Fproduct_1612512070_Phyto_Niac_800x800.jpg&w=3840&q=80,3.7/5,1360,https://reviews.femaledaily.com/products/treatment/serum-essence/nacific/phyto-niacin-whitening-essence-2
Garnier,Bright Complete Vitamin C Serum,https://reviews.femaledaily.com/service_review/_next/image?url=https%3A%2F%2Fimage.femaledaily.com%2Fdyn%2F210%2Fimages%2Fprod-pics%2Fproduct_1675760999_FDBR_Garni_800x800.jpg&w=3840&q=80,3.7/5,1338,https://reviews.femaledaily.com/products/treatment/serum-essence/garnier/light-complete-vitamin-c-30x-booster-serum-2
L'Oreal Paris,Revitalift 1.5% Hyaluronic Acid Serum,https://reviews.femaledaily.com/service_review/_next/image?url=https%3A%2F%2Fimage.femaledaily.com%2Fdyn%2F210%2Fimages%2Fprod-pics%2Fproduct_1600331949_Picture1__800x800.jpg&w=3840&q=80,4/5,1333,https://reviews.femaledaily.com/products/treatment/serum-essence/l-oreal-paris/revitalift-15-hyaluronic-acid-serum-58
Trueve,Acne Care Treatment Serum,https://reviews.femaledaily.com/service_review/_next/image?url=https%3A%2F%2Fimage.femaledaily.com%2Fdyn%2F210%2Fimages%2Fprod-pics%2Fproduct_1679477291_PDP_TEMPLA_800x800.jpg&w=3840&q=80,4.1/5,1328,https://reviews.femaledaily.com/products/treatment/serum-essence/trueve/acne-care-treatment-serum-reformulation-in-march-2022
AVOSKIN,Miraculous Refining Serum,https://reviews.femaledaily.com/service_review/_next/image?url=https%3A%2F%2Fimage.femaledaily.com%2Fdyn%2F210%2Fimages%2Fprod-pics%2Fproduct_1679552814_PDP_TEMPLA_800x800.jpg&w=3840&q=80,4.1/5,1306,https://reviews.femaledaily.com/products/treatment/serum-essence/avoskin/miraculous-refining-serum-1
Wardah,Nature Daily Seaweed Primary Skin Hydrating Booster,https://reviews.femaledaily.com/service_review/_next/image?url=https%3A%2F%2Fimage.femaledaily.com%2Fdyn%2F210%2Fimages%2Fprod-pics%2Fproduct_1610514930_Nature_Dai_800x800.jpg&w=3840&q=80,3.9/5,1305,https://reviews.femaledaily.com/products/treatment/serum-essence/wardah/nature-daily-seaweed-primary-skin-hydrating-booster
Everwhite,Chromabright Brightening Serum,https://reviews.femaledaily.com/service_review/_next/image?url=https%3A%2F%2Fimage.femaledaily.com%2Fdyn%2F210%2Fimages%2Fprod-pics%2Fproduct_1620029092_WhatsApp_I_800x800.jpeg&w=3840&q=80,4.3/5,1285,https://reviews.femaledaily.com/products/treatment/serum-essence/everwhite/everwhite-brightening-essence-serum
Scarlett,Brightly Ever After Serum,https://reviews.femaledaily.com/service_review/_next/image?url=https%3A%2F%2Fimage.femaledaily.com%2Fdyn%2F210%2Fimages%2Fprod-pics%2Fproduct_1613039175_Brightly_E_800x800.jpg&w=3840&q=80,3.5/5,1257,https://reviews.femaledaily.com/products/treatment/serum-essence/scarlett/scarlett-whitening-brightly-ever-after-serum
AVOSKIN,Your Skin Bae Serum,https://reviews.femaledaily.com/service_review/_next/image?url=https%3A%2F%2Fimage.femaledaily.com%2Fdyn%2F210%2Fimages%2Fprod-pics%2Fproduct_1608008821_Alpha_Arbu_800x800.jpg&w=3840&q=80,3.9/5,1250,https://reviews.femaledaily.com/products/treatment/serum-essence/avoskin/your-skin-bae-serum-alpha-arbutin-3-grapeseed
Garnier,Sakura White Hyaluron 30x Booster Serum,https://reviews.femaledaily.com/service_review/_next/image?url=https%3A%2F%2Fimage.femaledaily.com%2Fdyn%2F210%2Fimages%2Fprod-pics%2Fproduct_1626928208_Botol_SS_S_800x800.jpg&w=3840&q=80,3.9/5,1243,https://reviews.femaledaily.com/products/treatment/serum-essence/garnier/sakura-white-30x-hyaluron-booster-serum
Whitelab,Acne Calming Serum,https://reviews.femaledaily.com/service_review/_next/image?url=https%3A%2F%2Fimage.femaledaily.com%2Fdyn%2F210%2Fimages%2Fprod-pics%2Fproduct_1670311767_ACNE_CALMI_800x800.jpg&w=3840&q=80,4.1/5,1238,https://reviews.femaledaily.com/products/treatment/serum-essence/whitelab/acne-calming-serum-3
AVOSKIN,Miraculous Retinol Ampoule,https://reviews.femaledaily.com/service_review/_next/image?url=https%3A%2F%2Fimage.femaledaily.com%2Fdyn%2F210%2Fimages%2Fprod-pics%2Fproduct_1584431795_retinol_am_800x800.png&w=3840&q=80,4.2/5,1237,https://reviews.femaledaily.com/products/treatment/serum-essence/avoskin/miraculous-retinol-ampoule
Somethinc,Bakuchiol Skinpair Oil Serum,https://reviews.femaledaily.com/service_review/_next/image?url=https%3A%2F%2Fimage.femaledaily.com%2Fdyn%2F210%2Fimages%2Fprod-pics%2Fproduct_1606904346_Somethinc__800x800.jpg&w=3840&q=80,3.8/5,1179,https://reviews.femaledaily.com/products/treatment/serum-essence/somethinc/bakuchiol-skinpair-oil-serum
Trueve,Ultimate Drops of Brightening Serum,https://reviews.femaledaily.com/service_review/_next/image?url=https%3A%2F%2Fimage.femaledaily.com%2Fdyn%2F300%2Fremastering-data%2Fproduction%2Fproduct%2Fproduct-1701942017959-Trueve-Ultimate-Drops-of-Brightening-Serum&w=3840&q=80,4.1/5,1159,https://reviews.femaledaily.com/products/treatment/serum-essence/trueve/ultimate-drops-of-brightening-serum-reformulation-in-march-2022
Lancome,Advanced Genifique Youth Activating Serum,https://reviews.femaledaily.com/service_review/_next/image?url=https%3A%2F%2Fimage.femaledaily.com%2Fdyn%2F210%2Fimages%2Fprod-pics%2Fproduct_1632724305_3614272623_800x800.jpg&w=3840&q=80,4.5/5,1148,https://reviews.femaledaily.com/products/treatment/serum-essence/lancome/advanced-genifique-youth-activating-concentrate-1
Everwhite,Cica Soothing Serum,https://reviews.femaledaily.com/service_review/_next/image?url=https%3A%2F%2Fimage.femaledaily.com%2Fdyn%2F210%2Fimages%2Fprod-pics%2Fproduct_1620028894_WhatsApp_I_800x800.jpg&w=3840&q=80,4.1/5,1129,https://reviews.femaledaily.com/products/treatment/serum-essence/everwhite/cica-soothing-serum
Wardah,White Secret Pure Treatment Essence - Discontinued,https://reviews.femaledaily.com/service_review/_next/image?url=https%3A%2F%2Fimage.femaledaily.com%2Fdyn%2F210%2Fimages%2Fprod-pics%2Fproduct_1674198881_D_I_S_C_O__800x800.png&w=3840&q=80,3.5/5,1127,https://reviews.femaledaily.com/products/treatment/serum-essence/wardah/wardah-white-secret-pure-treatment-essence-1
NPURE,Essence Centella,https://reviews.femaledaily.com/service_review/_next/image?url=https%3A%2F%2Fimage.femaledaily.com%2Fdyn%2F210%2Fimages%2Fprod-pics%2Fproduct_1593772774_Essence_Ce_800x800.jpg&w=3840&q=80,4.1/5,1069,https://reviews.femaledaily.com/products/treatment/serum-essence/npure/essence-centella
Wardah,Lightening Serum Ampoule,https://reviews.femaledaily.com/service_review/_next/image?url=https%3A%2F%2Fimage.femaledaily.com%2Fdyn%2F210%2Fimages%2Fprod-pics%2Fproduct_1661247048_2a47317502_800x800.jpg&w=3840&q=80,3.9/5,1065,https://reviews.femaledaily.com/products/treatment/serum-essence/wardah/purifying-serum
Some by Mi,AHA BHA PHA 30 Days Miracle Serum,https://reviews.femaledaily.com/service_review/_next/image?url=https%3A%2F%2Fimage.femaledaily.com%2Fdyn%2F210%2Fimages%2Fprod-pics%2Fproduct_1615355229_AHA_BHA_PH_800x800.jpg&w=3840&q=80,3.3/5,1063,https://reviews.femaledaily.com/products/treatment/serum-essence/some-by-mi/ahabhapha-30-days-miracle-serum
Trueve,Ultimate Youth Activating Serum,https://reviews.femaledaily.com/service_review/_next/image?url=https%3A%2F%2Fimage.femaledaily.com%2Fdyn%2F210%2Fimages%2Fprod-pics%2Fproduct_1679477348_PDP_TEMPLA_800x800.jpg&w=3840&q=80,4.1/5,1044,https://reviews.femaledaily.com/products/treatment/serum-essence/trueve/ultimate-youth-activating-serum-reformulation-in-march-2022
White Story,Brightening Face Serum,https://reviews.femaledaily.com/service_review/_next/image?url=https%3A%2F%2Fimage.femaledaily.com%2Fdyn%2F210%2Fimages%2Fprod-pics%2Fproduct_1625547940_brightenin_800x800.jpg&w=3840&q=80,4.1/5,1027,https://reviews.femaledaily.com/products/treatment/serum-essence/white-story/brightening-face-serum-91
Estee Lauder,Advanced Night Repair,https://reviews.femaledaily.com/service_review/_next/image?url=https%3A%2F%2Fimage.femaledaily.com%2Fdyn%2F210%2Fimages%2Fprod-pics%2Fproduct_1598609062_NEW_ANR_re_800x800.png&w=3840&q=80,4.5/5,983,https://reviews.femaledaily.com/products/treatment/serum-essence/estee-lauder/advanced-night-repair
Garnier,Sakura White Pinkish Radiance Ultimate Serum,https://reviews.femaledaily.com/service_review/_next/image?url=https%3A%2F%2Fimage.femaledaily.com%2Fdyn%2F210%2Fimages%2Fprod-pics%2Fproduct_1566190808_Garnier__800x800.png&w=3840&q=80,3.7/5,971,https://reviews.femaledaily.com/products/treatment/serum-essence/garnier/sakura-white-pinkish-radiance-ultimete-serum
Azarine Cosmetic,Revitalizing Anti aging serum,https://reviews.femaledaily.com/service_review/_next/image?url=https%3A%2F%2Fimage.femaledaily.com%2Fdyn%2F210%2Fimages%2Fprod-pics%2Fproduct_1669096212_Revitalizi_800x800.jpg&w=3840&q=80,4.2/5,964,https://reviews.femaledaily.com/products/treatment/serum-essence/azarine-cosmetic/revitalizingly-bright-depuff-eye-gel-1
"Dear, Klairs",Freshly Juiced Vitamin Drop,https://reviews.femaledaily.com/service_review/_next/image?url=https%3A%2F%2Fimage.femaledaily.com%2Fdyn%2F210%2Fimages%2Fprod-pics%2Fproduct_1579171243_Klairs_Fre_800x800.jpg&w=3840&q=80,4/5,937,https://reviews.femaledaily.com/products/treatment/serum-essence/dear-klairs/freshly-juiced-vitamin-drop
Hanasui,Serum Anti Acne,https://reviews.femaledaily.com/service_review/_next/image?url=https%3A%2F%2Fimage.femaledaily.com%2Fdyn%2F210%2Fimages%2Fprod-pics%2Fproduct_1679553889_PDP_TEMPLA_800x800.jpg&w=3840&q=80,3.9/5,927,https://reviews.femaledaily.com/products/treatment/serum-essence/hanasui/hanasui-serum-2
Somethinc,Level 1% Encapsulated Retinol,https://reviews.femaledaily.com/service_review/_next/image?url=https%3A%2F%2Fimage.femaledaily.com%2Fdyn%2F210%2Fimages%2Fprod-pics%2Fproduct_1634534000_level_800x800.jpg&w=3840&q=80,4/5,920,https://reviews.femaledaily.com/products/treatment/serum-essence/somethinc/level-1-retinol
Everwhite,Niacinamide Brightening Serum,https://reviews.femaledaily.com/service_review/_next/image?url=https%3A%2F%2Fimage.femaledaily.com%2Fdyn%2F210%2Fimages%2Fprod-pics%2Fproduct_1620028606_WhatsApp_I_800x800.jpeg&w=3840&q=80,4.2/5,906,https://reviews.femaledaily.com/products/treatment/serum-essence/everwhite/niacinamide-brightening-serum
Trueve,AHA BHA PHA & Ceramide Peeling Serum,https://reviews.femaledaily.com/service_review/_next/image?url=https%3A%2F%2Fimage.femaledaily.com%2Fdyn%2F210%2Fimages%2Fprod-pics%2Fproduct_1632130822_AHA_BHA_PH_800x800.png&w=3840&q=80,4.2/5,905,https://reviews.femaledaily.com/products/treatment/serum-essence/trueve/aha-bha-pha-ceramide-peeling-serum
MS Glow,White Cell DNA Serum,https://reviews.femaledaily.com/service_review/_next/image?url=https%3A%2F%2Fimage.femaledaily.com%2Fdyn%2F210%2Fimages%2Fprod-pics%2Fproduct_1652415238_wcd_serum__800x800.jpg&w=3840&q=80,4/5,872,https://reviews.femaledaily.com/products/treatment/serum-essence/ms-glow/whitecelldna-serum-2
NPURE,Silky Face Serum Centella Asiatica,https://reviews.femaledaily.com/service_review/_next/image?url=https%3A%2F%2Fimage.femaledaily.com%2Fdyn%2F210%2Fimages%2Fprod-pics%2Fproduct_1593772460_Silky_Face_800x800.jpg&w=3840&q=80,4.1/5,858,https://reviews.femaledaily.com/products/treatment/serum-essence/npure/silky-face-serum-centella-asiatica
Wardah,C-Defense Serum,https://reviews.femaledaily.com/service_review/_next/image?url=https%3A%2F%2Fimage.femaledaily.com%2Fdyn%2F210%2Fimages%2Fprod-pics%2Fproduct_1456288676_wardah_c_d_800x800.jpg&w=3840&q=80,3.4/5,857,https://reviews.femaledaily.com/products/treatment/serum-essence/wardah/c-defense
Some by Mi,Yuja Niacin Blemish Care Serum,https://reviews.femaledaily.com/service_review/_next/image?url=https%3A%2F%2Fimage.femaledaily.com%2Fdyn%2F210%2Fimages%2Fprod-pics%2Fproduct_1615355414_Yuja_Niaci_800x800.jpg&w=3840&q=80,3.7/5,857,https://reviews.femaledaily.com/products/treatment/serum-essence/some-by-mi/some-by-mi-yuja-niacin-serum
The Ordinary,Niacinamide 10% + Zinc 1%,https://reviews.femaledaily.com/service_review/_next/image?url=https%3A%2F%2Fimage.femaledaily.com%2Fdyn%2F210%2Fimages%2Fprod-pics%2Fproduct_1628568334_product_15_800x800.png&w=3840&q=80,3.9/5,5378,https://reviews.femaledaily.com/products/treatment/serum-essence/the-ordinary/the-ordinary-niacinamide-10-zinc-1
Somethinc,Niacinamide + Moisture Beet Serum,https://reviews.femaledaily.com/service_review/_next/image?url=https%3A%2F%2Fimage.femaledaily.com%2Fdyn%2F210%2Fimages%2Fprod-pics%2Fproduct_1581047610_Niacidinam_800x800.jpg&w=3840&q=80,3.9/5,4305,https://reviews.femaledaily.com/products/treatment/serum-essence/somethinc/niacinamide-moisture-beet-serum-19
Cosrx,Advanced Snail 96 Mucin Power Essence,https://reviews.femaledaily.com/service_review/_next/image?url=https%3A%2F%2Fimage.femaledaily.com%2Fdyn%2F210%2Fimages%2Fprod-pics%2F1457096707-Cosrx-ADVANCED_SNAIL_96_MUCIN_POWER_ESSENCE.jpg&w=3840&q=80,4.3/5,3537,https://reviews.femaledaily.com/products/treatment/serum-essence/cosrx/x-advanced-snail-96-mucin-power-essence
Skin1004,Madagascar Centella Asiatica Ampoule,https://reviews.femaledaily.com/service_review/_next/image?url=https%3A%2F%2Fimage.femaledaily.com%2Fdyn%2F210%2Fimages%2Fprod-pics%2Fproduct_1603788246_d143ad068e_800x800.jpg&w=3840&q=80,4/5,3422,https://reviews.femaledaily.com/products/treatment/serum-essence/skin1004/madagascar-centella-asiatica-100-ampoule
Whitelab,N10-Dose+ Brightening Serum,https://reviews.femaledaily.com/service_review/_next/image?url=https%3A%2F%2Fimage.femaledaily.com%2Fdyn%2F210%2Fimages%2Fprod-pics%2Fproduct_1679551936_PDP_TEMPLA_800x800.jpg&w=3840&q=80,4/5,3416,https://reviews.femaledaily.com/products/treatment/serum-essence/whitelab/brightening-face-serum-32
Azarine Cosmetic,C White Lightening Serum,https://reviews.femaledaily.com/service_review/_next/image?url=https%3A%2F%2Fimage.femaledaily.com%2Fdyn%2F210%2Fimages%2Fprod-pics%2Fproduct_1583726418_lightening_800x800.png&w=3840&q=80,4.1/5,3278,https://reviews.femaledaily.com/products/treatment/serum-essence/azarine-cosmetic/c-white-lightening-serum
Innisfree,Green Tea Seed Serum,https://reviews.femaledaily.com/service_review/_next/image?url=https%3A%2F%2Fimage.femaledaily.com%2Fdyn%2F210%2Fimages%2Fprod-pics%2Fproduct_1652238447_Innisfree__800x800.jpg&w=3840&q=80,4.1/5,3127,https://reviews.femaledaily.com/products/treatment/serum-essence/innisfree/green-tea-seed-serum-1
SK-II,Facial Treatment Essence,https://reviews.femaledaily.com/service_review/_next/image?url=https%3A%2F%2Fimage.femaledaily.com%2Fdyn%2F210%2Fimages%2Fprod-pics%2Fproduct_1679644143_ESSENCE_D_800x800.jpg&w=3840&q=80,4.1/5,3099,https://reviews.femaledaily.com/products/treatment/serum-essence/sk-ii/facial-treatment-essence
Some by Mi,Snail Truecica Miracle Repair Serum,https://reviews.femaledaily.com/service_review/_next/image?url=https%3A%2F%2Fimage.femaledaily.com%2Fdyn%2F210%2Fimages%2Fprod-pics%2Fproduct_1615355543_Snail_True_800x800.jpg&w=3840&q=80,3.6/5,2706,https://reviews.femaledaily.com/products/treatment/serum-essence/some-by-mi/snail-truecica
NACIFIC,Fresh Herb Origin Serum,https://reviews.femaledaily.com/service_review/_next/image?url=https%3A%2F%2Fimage.femaledaily.com%2Fdyn%2F210%2Fimages%2Fprod-pics%2Fproduct_1612511979_Fresh_Herb_800x800.jpg&w=3840&q=80,3.4/5,2640,https://reviews.femaledaily.com/products/treatment/serum-essence/nacific/fresh-herb-origin-serum-91
AVOSKIN,Perfect Hydrating Treatment Essence,https://reviews.femaledaily.com/service_review/_next/image?url=https%3A%2F%2Fimage.femaledaily.com%2Fdyn%2F210%2Fimages%2Fprod-pics%2Fproduct_1644821774_avoskin_pe_800x800.jpg&w=3840&q=80,4.1/5,2485,https://reviews.femaledaily.com/products/treatment/serum-essence/avoskin/perfect-hydrating-treatment-essence
Somethinc,Niacinamide + Moisture Sabi Beet Brightening Serum,https://reviews.femaledaily.com/service_review/_next/image?url=https%3A%2F%2Fimage.femaledaily.com%2Fdyn%2F210%2Fimages%2Fprod-pics%2Fproduct_1674530137_Somethinc__800x800.png&w=3840&q=80,3.9/5,2224,https://reviews.femaledaily.com/products/treatment/serum-essence/somethinc/5-niacinamide-moisture-sabi-beet-serum
Benton,Snail Bee High Content Essence,https://reviews.femaledaily.com/service_review/_next/image?url=https%3A%2F%2Fimage.femaledaily.com%2Fdyn%2F210%2Fimages%2Fprod-pics%2Fproduct_1520594115_FD_Best_of_800x800.jpg&w=3840&q=80,4/5,2152,https://reviews.femaledaily.com/products/treatment/serum-essence/benton/snail-bee-high-content-essence
Laneige,Clear C Advanced Effector EX,https://reviews.femaledaily.com/service_review/_next/image?url=https%3A%2F%2Fimage.femaledaily.com%2Fdyn%2F210%2Fimages%2Fprod-pics%2Fproduct_1545205078_Laneige_Cl_800x800.jpg&w=3840&q=80,4.3/5,2063,https://reviews.femaledaily.com/products/treatment/serum-essence/laneige/clear-c-advance-effector
ElsheSkin,Radiant Skin Serum,https://reviews.femaledaily.com/service_review/_next/image?url=https%3A%2F%2Fimage.femaledaily.com%2Fdyn%2F210%2Fimages%2Fprod-pics%2Fproduct_1640589470_6175bf619b_800x800.jpg&w=3840&q=80,3.9/5,2023,https://reviews.femaledaily.com/products/treatment/serum-essence/elsheskin/radiant-skin-serum
Scarlett,Whitening Acne Serum,https://reviews.femaledaily.com/service_review/_next/image?url=https%3A%2F%2Fimage.femaledaily.com%2Fdyn%2F210%2Fimages%2Fprod-pics%2Fproduct_1613039137_Whitening__800x800.jpg&w=3840&q=80,3.4/5,2023,https://reviews.femaledaily.com/products/treatment/serum-essence/scarlett/whitening-acne-serum-1
L'Oreal Paris,Glycolic Bright Instant Glowing Serum,https://reviews.femaledaily.com/service_review/_next/image?url=https%3A%2F%2Fimage.femaledaily.com%2Fdyn%2F210%2Fimages%2Fprod-pics%2Fproduct_1643266291_Glyco_Seru_800x800.jpg&w=3840&q=80,4.1/5,1950,https://reviews.femaledaily.com/products/treatment/serum-essence/l-oreal-paris/glycolic-bright-instant-glowing-serum-3
Azarine Cosmetic,Acne Spot Serum,https://reviews.femaledaily.com/service_review/_next/image?url=https%3A%2F%2Fimage.femaledaily.com%2Fdyn%2F210%2Fimages%2Fprod-pics%2Fe0acc08b75ca6ade4fbafa142da3ee52.jpg&w=3840&q=80,4.2/5,1900,https://reviews.femaledaily.com/products/treatment/serum-essence/azarine-cosmetic/acne-spot-serum-fast-caring-dual-action-2
Azarine Cosmetic,Retinol Smooth Glowing Serum,https://reviews.femaledaily.com/service_review/_next/image?url=https%3A%2F%2Fimage.femaledaily.com%2Fdyn%2F210%2Fimages%2Fprod-pics%2F1376e8e2ea2e28ac3f833804b9ddf98d.jpg&w=3840&q=80,4.2/5,1860,https://reviews.femaledaily.com/products/treatment/serum-essence/azarine-cosmetic/retinol-smooth-glowing-serum-encapsulated-gentle-retinol-3
L'Oreal Paris,Revitalift Crystal Micro Essence,https://reviews.femaledaily.com/service_review/_next/image?url=https%3A%2F%2Fimage.femaledaily.com%2Fdyn%2F210%2Fimages%2Fprod-pics%2Fproduct_1646805979_L_Oreal_Pa_800x800.jpg&w=3840&q=80,4/5,1842,https://reviews.femaledaily.com/products/treatment/serum-essence/l-oreal-paris/revitalift-crystal-micro-essence
The Ordinary,Alpha Arbutin 2% + HA,https://reviews.femaledaily.com/service_review/_next/image?url=https%3A%2F%2Fimage.femaledaily.com%2Fdyn%2F210%2Fimages%2Fprod-pics%2Fproduct_1628568774_1729181026_800x800.png&w=3840&q=80,4/5,1627,https://reviews.femaledaily.com/products/treatment/serum-essence/the-ordinary/alpha-arbutin-2-ha
Somethinc,HYALuronic B5,https://reviews.femaledaily.com/service_review/_next/image?url=https%3A%2F%2Fimage.femaledaily.com%2Fdyn%2F210%2Fimages%2Fprod-pics%2Fproduct_1581047643_HYAluronic_800x800.jpg&w=3840&q=80,4.1/5,1627,https://reviews.femaledaily.com/products/treatment/serum-essence/somethinc/hyaluronic-b5
Trueve,Luminous Dark Spot Brightening Serum,https://reviews.femaledaily.com/service_review/_next/image?url=https%3A%2F%2Fimage.femaledaily.com%2Fdyn%2F300%2Fremastering-data%2Fproduction%2Fproduct%2Fproduct-1701940891830-Trueve-Luminous-Dark-Spot-Brightening-Serum&w=3840&q=80,4.1/5,1498,https://reviews.femaledaily.com/products/treatment/serum-essence/trueve/luminous-dark-spot-brightening-serum-reformulation-in-march-2022
Somethinc,Holygrail Multipeptide Youth Elixir,https://reviews.femaledaily.com/service_review/_next/image?url=https%3A%2F%2Fimage.femaledaily.com%2Fdyn%2F210%2Fimages%2Fprod-pics%2Fproduct_1620030442_Multipepti_800x800.jpg&w=3840&q=80,4.1/5,1437,https://reviews.femaledaily.com/products/treatment/serum-essence/somethinc/holygrail-multipeptide-youth-elixir
Somethinc,Salmon DNA + Marine Collagen Elixir,https://reviews.femaledaily.com/service_review/_next/image?url=https%3A%2F%2Fimage.femaledaily.com%2Fdyn%2F210%2Fimages%2Fprod-pics%2Fproduct_1620030365_Salmon_20m_800x800.jpg&w=3840&q=80,4.1/5,1419,https://reviews.femaledaily.com/products/treatment/serum-essence/somethinc/salmon-dna-marine-collagen-elixir-1
Pond's,Bright Miracle Ultimate Clarity Serum - Reformulation in October 2023,https://reviews.femaledaily.com/service_review/_next/image?url=https%3A%2F%2Fimage.femaledaily.com%2Fdyn%2F300%2Fremastering-data%2Fproduction%2Fproduct%2Fproduct-1708503267705-&w=3840&q=80,3.9/5,1376,https://reviews.femaledaily.com/products/treatment/serum-essence/pond-s/bright-miracle-ultimate-clarity-serum-reformulation-in-october-2023
NACIFIC,Phyto Niacin Whitening Essence,https://reviews.femaledaily.com/service_review/_next/image?url=https%3A%2F%2Fimage.femaledaily.com%2Fdyn%2F210%2Fimages%2Fprod-pics%2Fproduct_1612512070_Phyto_Niac_800x800.jpg&w=3840&q=80,3.7/5,1360,https://reviews.femaledaily.com/products/treatment/serum-essence/nacific/phyto-niacin-whitening-essence-2
Garnier,Bright Complete Vitamin C Serum,https://reviews.femaledaily.com/service_review/_next/image?url=https%3A%2F%2Fimage.femaledaily.com%2Fdyn%2F210%2Fimages%2Fprod-pics%2Fproduct_1675760999_FDBR_Garni_800x800.jpg&w=3840&q=80,3.7/5,1338,https://reviews.femaledaily.com/products/treatment/serum-essence/garnier/light-complete-vitamin-c-30x-booster-serum-2
L'Oreal Paris,Revitalift 1.5% Hyaluronic Acid Serum,https://reviews.femaledaily.com/service_review/_next/image?url=https%3A%2F%2Fimage.femaledaily.com%2Fdyn%2F210%2Fimages%2Fprod-pics%2Fproduct_1600331949_Picture1__800x800.jpg&w=3840&q=80,4/5,1333,https://reviews.femaledaily.com/products/treatment/serum-essence/l-oreal-paris/revitalift-15-hyaluronic-acid-serum-58
Trueve,Acne Care Treatment Serum,https://reviews.femaledaily.com/service_review/_next/image?url=https%3A%2F%2Fimage.femaledaily.com%2Fdyn%2F210%2Fimages%2Fprod-pics%2Fproduct_1679477291_PDP_TEMPLA_800x800.jpg&w=3840&q=80,4.1/5,1328,https://reviews.femaledaily.com/products/treatment/serum-essence/trueve/acne-care-treatment-serum-reformulation-in-march-2022
AVOSKIN,Miraculous Refining Serum,https://reviews.femaledaily.com/service_review/_next/image?url=https%3A%2F%2Fimage.femaledaily.com%2Fdyn%2F210%2Fimages%2Fprod-pics%2Fproduct_1679552814_PDP_TEMPLA_800x800.jpg&w=3840&q=80,4.1/5,1306,https://reviews.femaledaily.com/products/treatment/serum-essence/avoskin/miraculous-refining-serum-1
Wardah,Nature Daily Seaweed Primary Skin Hydrating Booster,https://reviews.femaledaily.com/service_review/_next/image?url=https%3A%2F%2Fimage.femaledaily.com%2Fdyn%2F210%2Fimages%2Fprod-pics%2Fproduct_1610514930_Nature_Dai_800x800.jpg&w=3840&q=80,3.9/5,1305,https://reviews.femaledaily.com/products/treatment/serum-essence/wardah/nature-daily-seaweed-primary-skin-hydrating-booster
Everwhite,Chromabright Brightening Serum,https://reviews.femaledaily.com/service_review/_next/image?url=https%3A%2F%2Fimage.femaledaily.com%2Fdyn%2F210%2Fimages%2Fprod-pics%2Fproduct_1620029092_WhatsApp_I_800x800.jpeg&w=3840&q=80,4.3/5,1285,https://reviews.femaledaily.com/products/treatment/serum-essence/everwhite/everwhite-brightening-essence-serum
Scarlett,Brightly Ever After Serum,https://reviews.femaledaily.com/service_review/_next/image?url=https%3A%2F%2Fimage.femaledaily.com%2Fdyn%2F210%2Fimages%2Fprod-pics%2Fproduct_1613039175_Brightly_E_800x800.jpg&w=3840&q=80,3.5/5,1257,https://reviews.femaledaily.com/products/treatment/serum-essence/scarlett/scarlett-whitening-brightly-ever-after-serum
AVOSKIN,Your Skin Bae Serum,https://reviews.femaledaily.com/service_review/_next/image?url=https%3A%2F%2Fimage.femaledaily.com%2Fdyn%2F210%2Fimages%2Fprod-pics%2Fproduct_1608008821_Alpha_Arbu_800x800.jpg&w=3840&q=80,3.9/5,1250,https://reviews.femaledaily.com/products/treatment/serum-essence/avoskin/your-skin-bae-serum-alpha-arbutin-3-grapeseed
Garnier,Sakura White Hyaluron 30x Booster Serum,https://reviews.femaledaily.com/service_review/_next/image?url=https%3A%2F%2Fimage.femaledaily.com%2Fdyn%2F210%2Fimages%2Fprod-pics%2Fproduct_1626928208_Botol_SS_S_800x800.jpg&w=3840&q=80,3.9/5,1243,https://reviews.femaledaily.com/products/treatment/serum-essence/garnier/sakura-white-30x-hyaluron-booster-serum
Whitelab,Acne Calming Serum,https://reviews.femaledaily.com/service_review/_next/image?url=https%3A%2F%2Fimage.femaledaily.com%2Fdyn%2F210%2Fimages%2Fprod-pics%2Fproduct_1670311767_ACNE_CALMI_800x800.jpg&w=3840&q=80,4.1/5,1238,https://reviews.femaledaily.com/products/treatment/serum-essence/whitelab/acne-calming-serum-3
AVOSKIN,Miraculous Retinol Ampoule,https://reviews.femaledaily.com/service_review/_next/image?url=https%3A%2F%2Fimage.femaledaily.com%2Fdyn%2F210%2Fimages%2Fprod-pics%2Fproduct_1584431795_retinol_am_800x800.png&w=3840&q=80,4.2/5,1237,https://reviews.femaledaily.com/products/treatment/serum-essence/avoskin/miraculous-retinol-ampoule
Somethinc,Bakuchiol Skinpair Oil Serum,https://reviews.femaledaily.com/service_review/_next/image?url=https%3A%2F%2Fimage.femaledaily.com%2Fdyn%2F210%2Fimages%2Fprod-pics%2Fproduct_1606904346_Somethinc__800x800.jpg&w=3840&q=80,3.8/5,1179,https://reviews.femaledaily.com/products/treatment/serum-essence/somethinc/bakuchiol-skinpair-oil-serum
Trueve,Ultimate Drops of Brightening Serum,https://reviews.femaledaily.com/service_review/_next/image?url=https%3A%2F%2Fimage.femaledaily.com%2Fdyn%2F300%2Fremastering-data%2Fproduction%2Fproduct%2Fproduct-1701942017959-Trueve-Ultimate-Drops-of-Brightening-Serum&w=3840&q=80,4.1/5,1159,https://reviews.femaledaily.com/products/treatment/serum-essence/trueve/ultimate-drops-of-brightening-serum-reformulation-in-march-2022
Lancome,Advanced Genifique Youth Activating Serum,https://reviews.femaledaily.com/service_review/_next/image?url=https%3A%2F%2Fimage.femaledaily.com%2Fdyn%2F210%2Fimages%2Fprod-pics%2Fproduct_1632724305_3614272623_800x800.jpg&w=3840&q=80,4.5/5,1148,https://reviews.femaledaily.com/products/treatment/serum-essence/lancome/advanced-genifique-youth-activating-concentrate-1
Everwhite,Cica Soothing Serum,https://reviews.femaledaily.com/service_review/_next/image?url=https%3A%2F%2Fimage.femaledaily.com%2Fdyn%2F210%2Fimages%2Fprod-pics%2Fproduct_1620028894_WhatsApp_I_800x800.jpg&w=3840&q=80,4.1/5,1129,https://reviews.femaledaily.com/products/treatment/serum-essence/everwhite/cica-soothing-serum
Wardah,White Secret Pure Treatment Essence - Discontinued,https://reviews.femaledaily.com/service_review/_next/image?url=https%3A%2F%2Fimage.femaledaily.com%2Fdyn%2F210%2Fimages%2Fprod-pics%2Fproduct_1674198881_D_I_S_C_O__800x800.png&w=3840&q=80,3.5/5,1127,https://reviews.femaledaily.com/products/treatment/serum-essence/wardah/wardah-white-secret-pure-treatment-essence-1
NPURE,Essence Centella,https://reviews.femaledaily.com/service_review/_next/image?url=https%3A%2F%2Fimage.femaledaily.com%2Fdyn%2F210%2Fimages%2Fprod-pics%2Fproduct_1593772774_Essence_Ce_800x800.jpg&w=3840&q=80,4.1/5,1069,https://reviews.femaledaily.com/products/treatment/serum-essence/npure/essence-centella
Wardah,Lightening Serum Ampoule,https://reviews.femaledaily.com/service_review/_next/image?url=https%3A%2F%2Fimage.femaledaily.com%2Fdyn%2F210%2Fimages%2Fprod-pics%2Fproduct_1661247048_2a47317502_800x800.jpg&w=3840&q=80,3.9/5,1065,https://reviews.femaledaily.com/products/treatment/serum-essence/wardah/purifying-serum
Some by Mi,AHA BHA PHA 30 Days Miracle Serum,https://reviews.femaledaily.com/service_review/_next/image?url=https%3A%2F%2Fimage.femaledaily.com%2Fdyn%2F210%2Fimages%2Fprod-pics%2Fproduct_1615355229_AHA_BHA_PH_800x800.jpg&w=3840&q=80,3.3/5,1063,https://reviews.femaledaily.com/products/treatment/serum-essence/some-by-mi/ahabhapha-30-days-miracle-serum
Trueve,Ultimate Youth Activating Serum,https://reviews.femaledaily.com/service_review/_next/image?url=https%3A%2F%2Fimage.femaledaily.com%2Fdyn%2F210%2Fimages%2Fprod-pics%2Fproduct_1679477348_PDP_TEMPLA_800x800.jpg&w=3840&q=80,4.1/5,1044,https://reviews.femaledaily.com/products/treatment/serum-essence/trueve/ultimate-youth-activating-serum-reformulation-in-march-2022
White Story,Brightening Face Serum,https://reviews.femaledaily.com/service_review/_next/image?url=https%3A%2F%2Fimage.femaledaily.com%2Fdyn%2F210%2Fimages%2Fprod-pics%2Fproduct_1625547940_brightenin_800x800.jpg&w=3840&q=80,4.1/5,1027,https://reviews.femaledaily.com/products/treatment/serum-essence/white-story/brightening-face-serum-91
Estee Lauder,Advanced Night Repair,https://reviews.femaledaily.com/service_review/_next/image?url=https%3A%2F%2Fimage.femaledaily.com%2Fdyn%2F210%2Fimages%2Fprod-pics%2Fproduct_1598609062_NEW_ANR_re_800x800.png&w=3840&q=80,4.5/5,983,https://reviews.femaledaily.com/products/treatment/serum-essence/estee-lauder/advanced-night-repair
Garnier,Sakura White Pinkish Radiance Ultimate Serum,https://reviews.femaledaily.com/service_review/_next/image?url=https%3A%2F%2Fimage.femaledaily.com%2Fdyn%2F210%2Fimages%2Fprod-pics%2Fproduct_1566190808_Garnier__800x800.png&w=3840&q=80,3.7/5,971,https://reviews.femaledaily.com/products/treatment/serum-essence/garnier/sakura-white-pinkish-radiance-ultimete-serum
Azarine Cosmetic,Revitalizing Anti aging serum,https://reviews.femaledaily.com/service_review/_next/image?url=https%3A%2F%2Fimage.femaledaily.com%2Fdyn%2F210%2Fimages%2Fprod-pics%2Fproduct_1669096212_Revitalizi_800x800.jpg&w=3840&q=80,4.2/5,964,https://reviews.femaledaily.com/products/treatment/serum-essence/azarine-cosmetic/revitalizingly-bright-depuff-eye-gel-1
"Dear, Klairs",Freshly Juiced Vitamin Drop,https://reviews.femaledaily.com/service_review/_next/image?url=https%3A%2F%2Fimage.femaledaily.com%2Fdyn%2F210%2Fimages%2Fprod-pics%2Fproduct_1579171243_Klairs_Fre_800x800.jpg&w=3840&q=80,4/5,937,https://reviews.femaledaily.com/products/treatment/serum-essence/dear-klairs/freshly-juiced-vitamin-drop
Hanasui,Serum Anti Acne,https://reviews.femaledaily.com/service_review/_next/image?url=https%3A%2F%2Fimage.femaledaily.com%2Fdyn%2F210%2Fimages%2Fprod-pics%2Fproduct_1679553889_PDP_TEMPLA_800x800.jpg&w=3840&q=80,3.9/5,927,https://reviews.femaledaily.com/products/treatment/serum-essence/hanasui/hanasui-serum-2
Somethinc,Level 1% Encapsulated Retinol,https://reviews.femaledaily.com/service_review/_next/image?url=https%3A%2F%2Fimage.femaledaily.com%2Fdyn%2F210%2Fimages%2Fprod-pics%2Fproduct_1634534000_level_800x800.jpg&w=3840&q=80,4/5,920,https://reviews.femaledaily.com/products/treatment/serum-essence/somethinc/level-1-retinol
Everwhite,Niacinamide Brightening Serum,https://reviews.femaledaily.com/service_review/_next/image?url=https%3A%2F%2Fimage.femaledaily.com%2Fdyn%2F210%2Fimages%2Fprod-pics%2Fproduct_1620028606_WhatsApp_I_800x800.jpeg&w=3840&q=80,4.2/5,906,https://reviews.femaledaily.com/products/treatment/serum-essence/everwhite/niacinamide-brightening-serum
Trueve,AHA BHA PHA & Ceramide Peeling Serum,https://reviews.femaledaily.com/service_review/_next/image?url=https%3A%2F%2Fimage.femaledaily.com%2Fdyn%2F210%2Fimages%2Fprod-pics%2Fproduct_1632130822_AHA_BHA_PH_800x800.png&w=3840&q=80,4.2/5,905,https://reviews.femaledaily.com/products/treatment/serum-essence/trueve/aha-bha-pha-ceramide-peeling-serum
MS Glow,White Cell DNA Serum,https://reviews.femaledaily.com/service_review/_next/image?url=https%3A%2F%2Fimage.femaledaily.com%2Fdyn%2F210%2Fimages%2Fprod-pics%2Fproduct_1652415238_wcd_serum__800x800.jpg&w=3840&q=80,4/5,872,https://reviews.femaledaily.com/products/treatment/serum-essence/ms-glow/whitecelldna-serum-2
NPURE,Silky Face Serum Centella Asiatica,https://reviews.femaledaily.com/service_review/_next/image?url=https%3A%2F%2Fimage.femaledaily.com%2Fdyn%2F210%2Fimages%2Fprod-pics%2Fproduct_1593772460_Silky_Face_800x800.jpg&w=3840&q=80,4.1/5,858,https://reviews.femaledaily.com/products/treatment/serum-essence/npure/silky-face-serum-centella-asiatica
Wardah,C-Defense Serum,https://reviews.femaledaily.com/service_review/_next/image?url=https%3A%2F%2Fimage.femaledaily.com%2Fdyn%2F210%2Fimages%2Fprod-pics%2Fproduct_1456288676_wardah_c_d_800x800.jpg&w=3840&q=80,3.4/5,857,https://reviews.femaledaily.com/products/treatment/serum-essence/wardah/c-defense
Some by Mi,Yuja Niacin Blemish Care Serum,https://reviews.femaledaily.com/service_review/_next/image?url=https%3A%2F%2Fimage.femaledaily.com%2Fdyn%2F210%2Fimages%2Fprod-pics%2Fproduct_1615355414_Yuja_Niaci_800x800.jpg&w=3840&q=80,3.7/5,857,https://reviews.femaledaily.com/products/treatment/serum-essence/some-by-mi/some-by-mi-yuja-niacin-serum
NPURE,Marigold Face Serum,https://reviews.femaledaily.com/service_review/_next/image?url=https%3A%2F%2Fimage.femaledaily.com%2Fdyn%2F210%2Fimages%2Fprod-pics%2Fproduct_1593773203_fs_800x800.jpg&w=3840&q=80,4.1/5,810,https://reviews.femaledaily.com/products/treatment/serum-essence/npure/marigold-face-serum
AVOSKIN,Hydrating Treatment Essence,https://reviews.femaledaily.com/service_review/_next/image?url=https%3A%2F%2Fimage.femaledaily.com%2Fdyn%2F210%2Fimages%2Fprod-pics%2Fproduct_1568610834_AVOSKIN_Hy_800x800.jpg&w=3840&q=80,3.8/5,801,https://reviews.femaledaily.com/products/treatment/serum-essence/avoskin/x-hydrating-treatment-essence
Innisfree,Retinol Cica Moisture Recovery Serum,https://reviews.femaledaily.com/service_review/_next/image?url=https%3A%2F%2Fimage.femaledaily.com%2Fdyn%2F210%2Fimages%2Fprod-pics%2Fproduct_1643096297_innisfre_800x800.jpg&w=3840&q=80,4.1/5,801,https://reviews.femaledaily.com/products/treatment/serum-essence/innisfree/retinol-cica-moisture-recovery-serum-4
Kiehl's,Clearly Corrective Dark Spot Solution,https://reviews.femaledaily.com/service_review/_next/image?url=https%3A%2F%2Fimage.femaledaily.com%2Fdyn%2F210%2Fimages%2Fprod-pics%2F1441873497_lg.jpg&w=3840&q=80,4.1/5,791,https://reviews.femaledaily.com/products/treatment/serum-essence/kiehl-s/clearly-correctiv-dark-spot-solution
Garnier,Light Complete Whitespeed Vitamin C Super Essence,https://reviews.femaledaily.com/service_review/_next/image?url=https%3A%2F%2Fimage.femaledaily.com%2Fdyn%2F210%2Fimages%2Fprod-pics%2Fproduct_1566285540_Garnier__800x800.png&w=3840&q=80,3.5/5,764,https://reviews.femaledaily.com/products/treatment/serum-essence/garnier/light-complete-white-speed-serum-essence
AVOSKIN,Your Skin Bae Serum,https://reviews.femaledaily.com/service_review/_next/image?url=https%3A%2F%2Fimage.femaledaily.com%2Fdyn%2F210%2Fimages%2Fprod-pics%2Fproduct_1608008983_Niacinamid_800x800.jpg&w=3840&q=80,3.8/5,739,https://reviews.femaledaily.com/products/treatment/serum-essence/avoskin/your-skin-bae-serum-niacinamide-12-centella
AXIS-Y,Dark Spot Correcting Glow Serum,https://reviews.femaledaily.com/service_review/_next/image?url=https%3A%2F%2Fimage.femaledaily.com%2Fdyn%2F210%2Fimages%2Fprod-pics%2Fproduct_1611642554_Dark_Spot__800x800.jpg&w=3840&q=80,3.6/5,733,https://reviews.femaledaily.com/products/treatment/serum-essence/axis-y/axis-y-dark-spot-correcting-glow-serum
AVOSKIN,Your Skin Bae Serum,https://reviews.femaledaily.com/service_review/_next/image?url=https%3A%2F%2Fimage.femaledaily.com%2Fdyn%2F210%2Fimages%2Fprod-pics%2Fproduct_1608008913_marine_rem_800x800.png&w=3840&q=80,4/5,722,https://reviews.femaledaily.com/products/treatment/serum-essence/avoskin/your-skin-bae-serum-marine-collagen-10-gingseng-root
The Body Shop,Tea Tree Daily Solution,https://reviews.femaledaily.com/service_review/_next/image?url=https%3A%2F%2Fimage.femaledaily.com%2Fdyn%2F210%2Fimages%2Fprod-pics%2F1473685858_lg.jpg&w=3840&q=80,3.5/5,682,https://reviews.femaledaily.com/products/treatment/serum-essence/the-body-shop/tea-tree-daily-solution
iUNIK,Propolis Vitamin Synergy Serum,https://reviews.femaledaily.com/service_review/_next/image?url=https%3A%2F%2Fimage.femaledaily.com%2Fdyn%2F210%2Fimages%2Fprod-pics%2Fproduct_1616063128_35857_larg_800x800.jpg&w=3840&q=80,3.9/5,670,https://reviews.femaledaily.com/products/treatment/serum-essence/iunik/propolis-vitamin-synergy-serum
True to Skin,Bakuchiol Skin Smoothing Serum,https://reviews.femaledaily.com/service_review/_next/image?url=https%3A%2F%2Fimage.femaledaily.com%2Fdyn%2F300%2Fremastering-data%2Fproduction%2Fproduct%2Fproduct-1704166717923-True-to-Skin-True-to-Skin-Bakuchiol-Skin-Smoothing-Serum&w=3840&q=80,4/5,648,https://reviews.femaledaily.com/products/treatment/serum-essence/true-to-skin/bakuchiol-skin-smoothing-serum
Secret Key,Starting Treatment Essence,https://reviews.femaledaily.com/service_review/_next/image?url=https%3A%2F%2Fimage.femaledaily.com%2Fdyn%2F210%2Fimages%2Fprod-pics%2F1456804675-Secret_Key-Starting_Treatment_Essence.jpg&w=3840&q=80,3.5/5,621,https://reviews.femaledaily.com/products/treatment/serum-essence/secret-key/starting-treatment-essence
Innisfree,Black Tea Youth Enhancing Ampoule,https://reviews.femaledaily.com/service_review/_next/image?url=https%3A%2F%2Fimage.femaledaily.com%2Fdyn%2F210%2Fimages%2Fprod-pics%2Fproduct_1616385327_35160_l_800x800.jpg&w=3840&q=80,4.2/5,618,https://reviews.femaledaily.com/products/treatment/serum-essence/innisfree/blacktea-youth-enhancing-ampoule-2
Garnier,Bright Complete Anti Acne Booster Serum,https://reviews.femaledaily.com/service_review/_next/image?url=https%3A%2F%2Fimage.femaledaily.com%2Fdyn%2F210%2Fimages%2Fprod-pics%2Fproduct_1659604644_BCAA_30ml__800x800.png&w=3840&q=80,4/5,611,https://reviews.femaledaily.com/products/treatment/serum-essence/garnier/garnier-bright-complete-anti-acne-serum-5
Wardah,White Secret Intense Brightening Essence - Discontinued,https://reviews.femaledaily.com/service_review/_next/image?url=https%3A%2F%2Fimage.femaledaily.com%2Fdyn%2F210%2Fimages%2Fprod-pics%2Fproduct_1674199011_D_I_S_C_O__800x800.png&w=3840&q=80,3.7/5,600,https://reviews.femaledaily.com/products/treatment/serum-essence/wardah/white-secret-49
Pond's,Age Miracle Ultimate Youth Serum - Reformulation in October 2023,https://reviews.femaledaily.com/service_review/_next/image?url=https%3A%2F%2Fimage.femaledaily.com%2Fdyn%2F300%2Fremastering-data%2Fproduction%2Fproduct%2Fproduct-1708503415100-&w=3840&q=80,4.4/5,600,https://reviews.femaledaily.com/products/treatment/serum-essence/pond-s/age-miracle-ultimate-youth-serum-reformulation-in-october-2023
Bio Beauty Lab,Luxurious Facial Oil Serum,https://reviews.femaledaily.com/service_review/_next/image?url=https%3A%2F%2Fimage.femaledaily.com%2Fdyn%2F210%2Fimages%2Fprod-pics%2Fproduct_1603102287_luxurious_800x800.jpg&w=3840&q=80,4.2/5,589,https://reviews.femaledaily.com/products/treatment/serum-essence/bio-beauty-lab/luxurious-facial-oil-serum
Missha,Time Revolution The First Treatment Essence,https://reviews.femaledaily.com/service_review/_next/image?url=https%3A%2F%2Fimage.femaledaily.com%2Fdyn%2F210%2Fimages%2Fprod-pics%2Fproduct_1490264378_Missha_T_800x800.jpg&w=3840&q=80,4.1/5,587,https://reviews.femaledaily.com/products/treatment/serum-essence/missha/time-revolution-first-treatment-essence
Implora,Luminous Brightening Serum,https://reviews.femaledaily.com/service_review/_next/image?url=https%3A%2F%2Fimage.femaledaily.com%2Fdyn%2F210%2Fimages%2Fprod-pics%2Fd91d60747c28935e4ca4c9d0d62a960a.jpg&w=3840&q=80,3.8/5,574,https://reviews.femaledaily.com/products/treatment/serum-essence/implora/implora-serum-wajah-1
PIXY,White-Aqua Concentrated Brightening Serum,https://reviews.femaledaily.com/service_review/_next/image?url=https%3A%2F%2Fimage.femaledaily.com%2Fdyn%2F210%2Fimages%2Fprod-pics%2Fproduct_1629435572_ser_800x800.jpg&w=3840&q=80,4.1/5,570,https://reviews.femaledaily.com/products/treatment/serum-essence/pixy/white-aqua-concentrated-brightening-serum
